<?xml version="1.0" encoding="UTF-8" standalone="yes"?>
<torneoData>

	<listaEquipos>
		<equipo codigo="G2">
			<nombre>G2 Esports</nombre>
			<email>contact@g2esports.com</email>
			<numJugadores>5</numJugadores>
		</equipo>
		<equipo codigo="KOI">
			<nombre>KOI Team</nombre>
			<email>info@koi.gg</email>
			<numJugadores>6</numJugadores>
		</equipo>
		<equipo codigo="FNC">
			<nombre>Fnatic</nombre>
			<email>manager@fnatic.com</email>
			<numJugadores>5</numJugadores>
		</equipo>
		<equipo codigo="VIT">
			<nombre>Team Vitality</nombre>
			<email>hello@vitality.gg</email>
			<numJugadores>5</numJugadores>
		</equipo>
		<equipo codigo="HRTS">
			<nombre>Team Heretics</nombre>
			<email>info@heretics.com</email>
			<numJugadores>7</numJugadores>
		</equipo>
		<equipo codigo="MAD">
			<nombre>MAD Lions</nombre>
			<email>contact@madlions.com</email>
			<numJugadores>5</numJugadores>
		</equipo>
		<equipo codigo="RGE">
			<nombre>Rogue</nombre>
			<email>info@rogue.gg</email>
			<numJugadores>5</numJugadores>
		</equipo>
		<equipo codigo="SK">
			<nombre>SK Gaming</nombre>
			<email>info@sk-gaming.com</email>
			<numJugadores>6</numJugadores>
		</equipo>
		<equipo codigo="XL">
			<nombre>Excel Esports</nombre>
			<email>contact@xl.gg</email>
			<numJugadores>5</numJugadores>
		</equipo>
		<equipo codigo="BDS">
			<nombre>Team BDS</nombre>
			<email>contact@teambds.ch</email>
			<numJugadores>5</numJugadores>
		</equipo>
		<equipo codigo="AST">
			<nombre>Astralis</nombre>
			<email>info@astralis.gg</email>
			<numJugadores>5</numJugadores>
		</equipo>
		<equipo codigo="MSF">
			<nombre>Misfits Gaming</nombre>
			<email>contact@misfitsgaming.gg</email>
			<numJugadores>6</numJugadores>
		</equipo>
		<equipo codigo="KC">
			<nombre>Karmine Corp</nombre>
			<email>contact@karminecorp.fr</email>
			<numJugadores>5</numJugadores>
		</equipo>
		<equipo codigo="TH">
			<nombre>Team Liquid</nombre>
			<email>info@teamliquid.com</email>
			<numJugadores>5</numJugadores>
		</equipo>
		<equipo codigo="C9">
			<nombre>Cloud9</nombre>
			<email>info@cloud9.gg</email>
			<numJugadores>5</numJugadores>
		</equipo>
		<equipo codigo="TSM">
			<nombre>TSM</nombre>
			<email>contact@tsm.gg</email>
			<numJugadores>5</numJugadores>
		</equipo>
		<equipo codigo="TL">
			<nombre>Team Liquid</nombre>
			<email>support@teamliquid.com</email>
			<numJugadores>5</numJugadores>
		</equipo>
		<equipo codigo="NRG">
			<nombre>NRG Esports</nombre>
			<email>contact@nrg.gg</email>
			<numJugadores>6</numJugadores>
		</equipo>
		<equipo codigo="SEN">
			<nombre>Sentinels</nombre>
			<email>info@sentinels.gg</email>
			<numJugadores>5</numJugadores>
		</equipo>
		<equipo codigo="LOUD">
			<nombre>LOUD</nombre>
			<email>contato@loud.gg</email>
			<numJugadores>5</numJugadores>
		</equipo>
		<equipo codigo="GEN">
			<nombre>Gen.G</nombre>
			<email>contact@geng.gg</email>
			<numJugadores>5</numJugadores>
		</equipo>
		<equipo codigo="T1">
			<nombre>T1</nombre>
			<email>contact@t1.gg</email>
			<numJugadores>5</numJugadores>
		</equipo>
		<equipo codigo="DRX">
			<nombre>DRX</nombre>
			<email>contact@drx.gg</email>
			<numJugadores>5</numJugadores>
		</equipo>
		<equipo codigo="EDG">
			<nombre>EDward Gaming</nombre>
			<email>contact@edg.gg</email>
			<numJugadores>6</numJugadores>
		</equipo>
		<equipo codigo="RNG">
			<nombre>Royal Never Give Up</nombre>
			<email>contact@rng.gg</email>
			<numJugadores>5</numJugadores>
		</equipo>
		<equipo codigo="FPX">
			<nombre>FunPlus Phoenix</nombre>
			<email>contact@fpx.gg</email>
			<numJugadores>5</numJugadores>
		</equipo>
		<equipo codigo="IG">
			<nombre>Invictus Gaming</nombre>
			<email>contact@ig.gg</email>
			<numJugadores>5</numJugadores>
		</equipo>
		<equipo codigo="LNG">
			<nombre>LNG Esports</nombre>
			<email>contact@lng.gg</email>
			<numJugadores>5</numJugadores>
		</equipo>
		<equipo codigo="TES">
			<nombre>Top Esports</nombre>
			<email>contact@tes.gg</email>
			<numJugadores>5</numJugadores>
		</equipo>
		<equipo codigo="JDG">
			<nombre>JD Gaming</nombre>
			<email>contact@jdg.gg</email>
			<numJugadores>5</numJugadores>
		</equipo>
		<equipo codigo="JDG">
			<nombre>Repetido</nombre>
			<email>repe@repe.es</email>
			<numJugadores>5</numJugadores>
		</equipo>
	</listaEquipos>

	<listaEnfrentamientos>
		<enfrentamiento id="1">
			<fecha>2025-11-01</fecha>
			<descripcion>Fase Grupos 1</descripcion>
			<videojuego>LOL</videojuego>
			<ganador codigoRef="G2" />
		</enfrentamiento>
		<enfrentamiento id="2">
			<fecha>2025-11-01</fecha>
			<descripcion>Fase Grupos 2</descripcion>
			<videojuego>VALORANT</videojuego>
			<ganador codigoRef="KOI" />
		</enfrentamiento>
		<enfrentamiento id="3">
			<fecha>2025-11-01</fecha>
			<descripcion>Fase Grupos 3</descripcion>
			<videojuego>CSGO</videojuego>
			<ganador codigoRef="FNC" />
		</enfrentamiento>
		<enfrentamiento id="4">
			<fecha>2025-11-02</fecha>
			<descripcion>Fase Grupos 4</descripcion>
			<videojuego>LOL</videojuego>
			<ganador codigoRef="VIT" />
		</enfrentamiento>
		<enfrentamiento id="5">
			<fecha>2025-11-02</fecha>
			<descripcion>Fase Grupos 5</descripcion>
			<videojuego>VALORANT</videojuego>
			<ganador codigoRef="HRTS" />
		</enfrentamiento>
		<enfrentamiento id="6">
			<fecha>2025-11-02</fecha>
			<descripcion>Fase Grupos 6</descripcion>
			<videojuego>CSGO</videojuego>
			<ganador codigoRef="MAD" />
		</enfrentamiento>
		<enfrentamiento id="7">
			<fecha>2025-11-03</fecha>
			<descripcion>Fase Grupos 7</descripcion>
			<videojuego>LOL</videojuego>
			<ganador codigoRef="RGE" />
		</enfrentamiento>
		<enfrentamiento id="8">
			<fecha>2025-11-03</fecha>
			<descripcion>Fase Grupos 8</descripcion>
			<videojuego>VALORANT</videojuego>
			<ganador codigoRef="SK" />
		</enfrentamiento>
		<enfrentamiento id="9">
			<fecha>2025-11-03</fecha>
			<descripcion>Fase Grupos 9</descripcion>
			<videojuego>CSGO</videojuego>
			<ganador codigoRef="XL" />
		</enfrentamiento>
		<enfrentamiento id="10">
			<fecha>2025-11-04</fecha>
			<descripcion>Fase Grupos 10</descripcion>
			<videojuego>LOL</videojuego>
			<ganador codigoRef="BDS" />
		</enfrentamiento>
		<enfrentamiento id="11">
			<fecha>2025-11-04</fecha>
			<descripcion>Fase Grupos 11</descripcion>
			<videojuego>VALORANT</videojuego>
			<ganador codigoRef="AST" />
		</enfrentamiento>
		<enfrentamiento id="12">
			<fecha>2025-11-04</fecha>
			<descripcion>Fase Grupos 12</descripcion>
			<videojuego>CSGO</videojuego>
			<ganador codigoRef="MSF" />
		</enfrentamiento>
		<enfrentamiento id="13">
			<fecha>2025-11-05</fecha>
			<descripcion>Fase Grupos 13</descripcion>
			<videojuego>LOL</videojuego>
			<ganador codigoRef="KC" />
		</enfrentamiento>
		<enfrentamiento id="14">
			<fecha>2025-11-05</fecha>
			<descripcion>Fase Grupos 14</descripcion>
			<videojuego>VALORANT</videojuego>
			<ganador codigoRef="TH" />
		</enfrentamiento>
		<enfrentamiento id="15">
			<fecha>2025-11-05</fecha>
			<descripcion>Fase Grupos 15</descripcion>
			<videojuego>CSGO</videojuego>
			<ganador codigoRef="C9" />
		</enfrentamiento>
		<enfrentamiento id="16">
			<fecha>2025-11-06</fecha>
			<descripcion>Fase Grupos 16</descripcion>
			<videojuego>LOL</videojuego>
			<ganador codigoRef="TSM" />
		</enfrentamiento>
		<enfrentamiento id="17">
			<fecha>2025-11-06</fecha>
			<descripcion>Fase Grupos 17</descripcion>
			<videojuego>VALORANT</videojuego>
			<ganador codigoRef="TL" />
		</enfrentamiento>
		<enfrentamiento id="18">
			<fecha>2025-11-06</fecha>
			<descripcion>Fase Grupos 18</descripcion>
			<videojuego>CSGO</videojuego>
			<ganador codigoRef="NRG" />
		</enfrentamiento>
		<enfrentamiento id="19">
			<fecha>2025-11-07</fecha>
			<descripcion>Fase Grupos 19</descripcion>
			<videojuego>LOL</videojuego>
			<ganador codigoRef="SEN" />
		</enfrentamiento>
		<enfrentamiento id="20">
			<fecha>2025-11-07</fecha>
			<descripcion>Fase Grupos 20</descripcion>
			<videojuego>VALORANT</videojuego>
			<ganador codigoRef="LOUD" />
		</enfrentamiento>
		<enfrentamiento id="21">
			<fecha>2025-11-07</fecha>
			<descripcion>Fase Grupos 21</descripcion>
			<videojuego>CSGO</videojuego>
			<ganador codigoRef="GEN" />
		</enfrentamiento>
		<enfrentamiento id="22">
			<fecha>2025-11-08</fecha>
			<descripcion>Fase Grupos 22</descripcion>
			<videojuego>LOL</videojuego>
			<ganador codigoRef="T1" />
		</enfrentamiento>
		<enfrentamiento id="23">
			<fecha>2025-11-08</fecha>
			<descripcion>Fase Grupos 23</descripcion>
			<videojuego>VALORANT</videojuego>
			<ganador codigoRef="DRX" />
		</enfrentamiento>
		<enfrentamiento id="24">
			<fecha>2025-11-08</fecha>
			<descripcion>Fase Grupos 24</descripcion>
			<videojuego>CSGO</videojuego>
			<ganador codigoRef="EDG" />
		</enfrentamiento>
		<enfrentamiento id="25">
			<fecha>2025-11-09</fecha>
			<descripcion>Fase Grupos 25</descripcion>
			<videojuego>LOL</videojuego>
			<ganador codigoRef="RNG" />
		</enfrentamiento>
		<enfrentamiento id="26">
			<fecha>2025-11-09</fecha>
			<descripcion>Fase Grupos 26</descripcion>
			<videojuego>VALORANT</videojuego>
			<ganador codigoRef="FPX" />
		</enfrentamiento>
		<enfrentamiento id="27">
			<fecha>2025-11-09</fecha>
			<descripcion>Fase Grupos 27</descripcion>
			<videojuego>CSGO</videojuego>
			<ganador codigoRef="IG" />
		</enfrentamiento>
		<enfrentamiento id="28">
			<fecha>2025-11-10</fecha>
			<descripcion>Fase Grupos 28</descripcion>
			<videojuego>LOL</videojuego>
			<ganador codigoRef="LNG" />
		</enfrentamiento>
		<enfrentamiento id="29">
			<fecha>2025-11-10</fecha>
			<descripcion>Fase Grupos 29</descripcion>
			<videojuego>VALORANT</videojuego>
			<ganador codigoRef="TES" />
		</enfrentamiento>
		<enfrentamiento id="30">
			<fecha>2025-11-10</fecha>
			<descripcion>Fase Grupos 30</descripcion>
			<videojuego>CSGO</videojuego>
			<ganador codigoRef="JDG" />
		</enfrentamiento>
		<enfrentamiento id="31">
			<fecha>2025-11-11</fecha>
			<descripcion>Octavos 1</descripcion>
			<videojuego>LOL</videojuego>
			<ganador codigoRef="G2" />
		</enfrentamiento>
		<enfrentamiento id="32">
			<fecha>2025-11-11</fecha>
			<descripcion>Octavos 2</descripcion>
			<videojuego>LOL</videojuego>
			<ganador codigoRef="FNC" />
		</enfrentamiento>
		<enfrentamiento id="33">
			<fecha>2025-11-11</fecha>
			<descripcion>Octavos 3</descripcion>
			<videojuego>LOL</videojuego>
			<ganador codigoRef="MAD" />
		</enfrentamiento>
		<enfrentamiento id="34">
			<fecha>2025-11-12</fecha>
			<descripcion>Octavos 4</descripcion>
			<videojuego>VALORANT</videojuego>
			<ganador codigoRef="KOI" />
		</enfrentamiento>
		<enfrentamiento id="35">
			<fecha>2025-11-12</fecha>
			<descripcion>Octavos 5</descripcion>
			<videojuego>VALORANT</videojuego>
			<ganador codigoRef="HRTS" />
		</enfrentamiento>
		<enfrentamiento id="36">
			<fecha>2025-11-12</fecha>
			<descripcion>Octavos 6</descripcion>
			<videojuego>CSGO</videojuego>
			<ganador codigoRef="VIT" />
		</enfrentamiento>
		<enfrentamiento id="37">
			<fecha>2025-11-13</fecha>
			<descripcion>Octavos 7</descripcion>
			<videojuego>CSGO</videojuego>
			<ganador codigoRef="AST" />
		</enfrentamiento>
		<enfrentamiento id="38">
			<fecha>2025-11-13</fecha>
			<descripcion>Octavos 8</descripcion>
			<videojuego>LOL</videojuego>
			<ganador codigoRef="T1" />
		</enfrentamiento>
		<enfrentamiento id="39">
			<fecha>2025-11-14</fecha>
			<descripcion>Cuartos 1</descripcion>
			<videojuego>VALORANT</videojuego>
			<ganador codigoRef="LOUD" />
		</enfrentamiento>
		<enfrentamiento id="40">
			<fecha>2025-11-14</fecha>
			<descripcion>Cuartos 2</descripcion>
			<videojuego>CSGO</videojuego>
			<ganador codigoRef="C9" />
		</enfrentamiento>
		<enfrentamiento id="41">
			<fecha>2025-11-15</fecha>
			<descripcion>Cuartos 3</descripcion>
			<videojuego>LOL</videojuego>
			<ganador codigoRef="G2" />
		</enfrentamiento>
		<enfrentamiento id="42">
			<fecha>2025-11-15</fecha>
			<descripcion>Cuartos 4</descripcion>
			<videojuego>LOL</videojuego>
			<ganador codigoRef="T1" />
		</enfrentamiento>
		<enfrentamiento id="43">
			<fecha>2025-11-16</fecha>
			<descripcion>Semifinal 1</descripcion>
			<videojuego>VALORANT</videojuego>
			<ganador codigoRef="KOI" />
		</enfrentamiento>
		<enfrentamiento id="44">
			<fecha>2025-11-16</fecha>
			<descripcion>Semifinal 2</descripcion>
			<videojuego>CSGO</videojuego>
			<ganador codigoRef="FNC" />
		</enfrentamiento>
		<enfrentamiento id="45">
			<fecha>2025-11-17</fecha>
			<descripcion>Semifinal 3</descripcion>
			<videojuego>LOL</videojuego>
			<ganador codigoRef="G2" />
		</enfrentamiento>
		<enfrentamiento id="46">
			<fecha>2025-11-17</fecha>
			<descripcion>Semifinal 4</descripcion>
			<videojuego>LOL</videojuego>
			<ganador codigoRef="T1" />
		</enfrentamiento>
		<enfrentamiento id="47">
			<fecha>2025-11-18</fecha>
			<descripcion>Final VALORANT</descripcion>
			<videojuego>VALORANT</videojuego>
			<ganador codigoRef="KOI" />
		</enfrentamiento>
		<enfrentamiento id="48">
			<fecha>2025-11-18</fecha>
			<descripcion>Final CSGO</descripcion>
			<videojuego>CSGO</videojuego>
			<ganador codigoRef="FNC" />
		</enfrentamiento>
		<enfrentamiento id="49">
			<fecha>2025-11-19</fecha>
			<descripcion>3er Puesto LOL</descripcion>
			<videojuego>LOL</videojuego>
			<ganador codigoRef="G2" />
		</enfrentamiento>
		<enfrentamiento id="50">
			<fecha>2025-11-20</fecha>
			<descripcion>Gran Final LOL No existe</descripcion>
			<videojuego>LOL</videojuego>
			<ganador codigoRef="NoExiste" />
		</enfrentamiento>
	</listaEnfrentamientos>

</torneoData>