<?xml version="1.0" encoding="utf-8"?>
<menu xmlns:android="http://schemas.android.com/apk/res/android">
    <item android:id="@+id/estudiante"
        android:title="Añadir estudiante"/>
    <item android:id="@+id/informes"
        android:title="Ver informes">
        <menu>
            <item android:id="@+id/informe_estudiante"
                android:title="Informe por estudiante"/>
            <item android:id="@+id/modulo"
                android:title="Informe por módulo" />
        </menu>
    </item>
    <item android:id="@+id/sesion"
        android:title="Cerrar sesión"/>
</menu>