<?xml version="1.0" encoding="utf-8"?>
<menu xmlns:android="http://schemas.android.com/apk/res/android">
    <item android:id="@+id/metricula"
        android:title="Nueva matrícula"/>
    <item android:id="@+id/informes"
        android:title="Ver informes">
        <menu>
            <item android:id="@+id/total_informes"
                android:title="Informes totales" />
            <item android:id="@+id/informe_modulo"
                android:title="Informes por módulo" />
        </menu>
    </item>
    <item android:id="@+id/sesion"
        android:title="Cerrar sesión"/>
</menu>