<?xml version="1.0" encoding="UTF-8"?>
<!DOCTYPE hibernate-configuration PUBLIC "-//Hibernate/Hibernate Configuration DTD 3.0//EN" "https://hibernate.org/dtd/hibernate-configuration-3.0.dtd">
<hibernate-configuration>
	<session-factory>
		<property name="hibernate.connection.driver_class">
			com.mysql.cj.jdbc.Driver
		</property>
		<property name="hibernate.connection.url">
			jdbc:mysql://localhost:3307/carlosRodriguezLobato?useSSL=false&amp;serverTimezone=UTC&amp;allowPublicKeyRetrieval=true
		</property>
		<property name="hibernate.connection.username">carlos</property>
		<property name="hibernate.connection.password">clave</property>
		<!-- Dialect -->
		<property name="hibernate.dialect"> org.hibernate.dialect.MySQLDialect </property>
		<property name="hibernate.hbm2ddl.auto">update</property>
		<property name="hibernate.show_sql">true</property>
		<property name="hibernate.format_sql">true</property>
		<!-- Entidades -->
		<mapping class="rodriguezCarlosParte1Hibernate_modelo.Cine" />
		<mapping class="rodriguezCarlosParte1Hibernate_modelo.Sala" />
		<mapping class="rodriguezCarlosParte1Hibernate_modelo.Pelicula" />


	</session-factory>
</hibernate-configuration>